{
    "web": {
        "client_id": "1032499516768-35kg0d0fbfu1paqgei4tgdb1i76c7kh6.apps.googleusercontent.com",
        "project_id": "intricate-muse-316009",
        "auth_uri": "https://accounts.google.com/o/oauth2/auth",
        "token_uri": "https://oauth2.googleapis.com/token",
        "auth_provider_x509_cert_url": "https://www.googleapis.com/oauth2/v1/certs",
        "client_secret": "1KTRSW6uoQCOEowmid0s933U",
        "redirect_uris": [
            "http://127.0.0.1:8080/callback"
        ]
    }
}